rotate,2023-09-16 19:22:34
binarization_image,2023-09-16 19:22:38
binarization_image,2023-09-16 19:22:51
ping,2023-09-25 10:26:06
now,2023-09-25 10:26:10
type,2023-09-25 10:26:14
type,2023-09-25 10:26:18
type,2023-09-25 10:26:22
type,2023-09-25 10:26:27
type,2023-09-25 10:26:31
type,2023-09-25 10:26:35
type,2023-09-25 10:26:39
sum,2023-09-25 10:26:43
pow,2023-09-25 10:26:47
send_back_binary,2023-09-25 10:26:53
black_list_check,2023-09-25 10:26:58
black_list_check,2023-09-25 10:27:02
black_list_check,2023-09-25 10:27:06
black_list_check,2023-09-25 10:27:10
black_list_check,2023-09-25 10:27:14
color_inversion,2023-09-25 10:27:18
color_inversion,2023-09-25 10:27:31
rotate,2023-09-25 10:27:38
rotate,2023-09-25 10:27:42
binarization_image,2023-09-25 10:27:47
binarization_image,2023-09-25 10:28:00
