now,2023-09-15 21:02:39
type,2023-09-15 21:02:44
type,2023-09-15 21:02:48
type,2023-09-15 21:02:52
type,2023-09-15 21:02:56
type,2023-09-15 21:03:00
type,2023-09-15 21:03:04
type,2023-09-15 21:03:08
sum,2023-09-15 21:03:12
pow,2023-09-15 21:03:16
ping,2023-09-15 21:07:32
now,2023-09-15 21:07:36
type,2023-09-15 21:07:40
type,2023-09-15 21:07:44
type,2023-09-15 21:07:49
type,2023-09-15 21:07:53
type,2023-09-15 21:07:57
type,2023-09-15 21:08:01
type,2023-09-15 21:08:05
sum,2023-09-15 21:08:09
pow,2023-09-15 21:08:13
send_back_binary,2023-09-15 21:08:36
black_list_check,2023-09-15 21:08:41
black_list_check,2023-09-15 21:08:45
black_list_check,2023-09-15 21:08:49
black_list_check,2023-09-15 21:08:53
black_list_check,2023-09-15 21:08:57
color_inversion,2023-09-15 21:09:02
color_inversion,2023-09-15 21:09:15
rotate,2023-09-15 21:09:21
rotate,2023-09-15 21:09:26
binarization_image,2023-09-15 21:09:31
binarization_image,2023-09-15 21:09:44
ping,2023-09-15 22:29:52
now,2023-09-15 22:29:56
type,2023-09-15 22:30:00
type,2023-09-15 22:30:04
type,2023-09-15 22:30:08
type,2023-09-15 22:30:12
type,2023-09-15 22:30:16
type,2023-09-15 22:30:20
type,2023-09-15 22:30:25
sum,2023-09-15 22:30:29
pow,2023-09-15 22:30:33
send_back_binary,2023-09-15 22:30:38
black_list_check,2023-09-15 22:30:42
black_list_check,2023-09-15 22:30:47
black_list_check,2023-09-15 22:30:51
black_list_check,2023-09-15 22:30:55
black_list_check,2023-09-15 22:30:59
color_inversion,2023-09-15 22:31:03
color_inversion,2023-09-15 22:31:16
rotate,2023-09-15 22:31:22
rotate,2023-09-15 22:31:27
binarization_image,2023-09-15 22:31:32
binarization_image,2023-09-15 22:31:45
ping,2023-09-15 22:32:16
now,2023-09-15 22:32:20
type,2023-09-15 22:32:24
type,2023-09-15 22:32:28
type,2023-09-15 22:32:32
type,2023-09-15 22:32:36
type,2023-09-15 22:32:40
type,2023-09-15 22:32:44
type,2023-09-15 22:32:48
sum,2023-09-15 22:32:52
pow,2023-09-15 22:32:56
ping,2023-09-16 19:15:15
now,2023-09-16 19:15:19
ping,2023-09-16 19:16:04
now,2023-09-16 19:16:08
type,2023-09-16 19:16:12
type,2023-09-16 19:16:16
type,2023-09-16 19:16:20
type,2023-09-16 19:16:24
type,2023-09-16 19:16:28
type,2023-09-16 19:16:32
type,2023-09-16 19:16:36
sum,2023-09-16 19:16:40
pow,2023-09-16 19:16:45
ping,2023-09-16 19:20:57
now,2023-09-16 19:21:01
type,2023-09-16 19:21:06
type,2023-09-16 19:21:10
type,2023-09-16 19:21:14
type,2023-09-16 19:21:18
type,2023-09-16 19:21:22
type,2023-09-16 19:21:26
type,2023-09-16 19:21:30
sum,2023-09-16 19:21:34
pow,2023-09-16 19:21:38
send_back_binary,2023-09-16 19:21:44
black_list_check,2023-09-16 19:21:49
black_list_check,2023-09-16 19:21:53
black_list_check,2023-09-16 19:21:57
black_list_check,2023-09-16 19:22:01
black_list_check,2023-09-16 19:22:05
color_inversion,2023-09-16 19:22:09
color_inversion,2023-09-16 19:22:23
rotate,2023-09-16 19:22:29
